pattern_id,claimed_reusable_move,supporting_entry_ids,support_relation,source_specific_evidence,synthesized_or_generic_parts,evidence_grade,known_boundary,required_next_test
role-task-frame,"You are [role]. Your task is [objective]. Use [constraints]. Return [output shape].",PR001,direct,"PR001 locally records role plus task boundary and expected behavior as the useful mechanism.","The exact four-slot template is a compact synthesis rather than a demonstrated controlled result.",E1,"Role labels can be decorative and may add no value when objective and output are already clear.","Compare minimal task wording against role-plus-task framing on vague and already-clear requests; score intent preservation and unnecessary structure."
interface-emulation,"Return simulated [tool/interface] output only; do not claim real execution.","PR002; PR005; PR006","direct for PR002; partial for PR005 and PR006","PR002 directly supports a narrow output surface and the fabricated-execution risk; PR005 and PR006 support console/grid shaping and external verification warnings.","The universal tool-or-UI abstraction and exact safety sentence combine evidence across entries.",E1,"Must not be used when real execution is required or when simulated output could be mistaken for evidence.","Run terminal and spreadsheet simulation cases with and without the output-only and simulation boundary; measure drift and false execution claims."
prompt-improvement-loop,"Diagnose missing control points → rewrite the prompt → name what changed.","PR011; PR036; PR106; PR111","direct for PR011; partial or adjacent for others","PR011 directly treats the prompt as the object of work and supports diagnosis before rewriting; the other entries support lightweight clarification or evaluator behavior.","The fixed three-stage loop and its general use across tasks are synthesized beyond PR011.",E1,"Can overcomplicate simple prompts or drift from the user's actual goal.","Use the product-comparison pilot and several simple requests to test whether the loop improves final task output rather than only prompt appearance."
defensive-jailbreak-analysis,"Classify the attack mechanism; do not reproduce runnable jailbreak text.","PR025; PR026; PR027; PR028-PR032","direct for PR025; summary-level support for others","PR025 directly supports mechanism classification and a non-operational boundary; related entries support defensive historical handling and recurring attack structures.","The complete mechanism taxonomy is strongest in PR025 and not independently established across all related entries.",E1,"Must not become a jailbreak restoration or improvement workflow; operational text stays omitted.","Test classification consistency on safe redacted cases and verify that outputs never reconstruct runnable attack text."
grounded-research,"Search/inspect sources → cite claims → mark unknowns → separate recommendation from evidence.","PR039; PR040; PR106; PR109",partial,"The index links student research, clarity/uncertainty, and retrieval-quality entries to source-grounded research behavior.","The full evidence-to-recommendation sequence is currently a generic synthesis; source-specific reviewed notes are missing.",E0,"Too heavy for stable explanation tasks; source count and citation format do not guarantee source quality.","Upgrade at least one direct source entry, then run the product-comparison pilot against baseline and generic prompt generation."
structured-output-extraction,"Define fields, null policy, evidence rule, and exact output shape.","PR061; PR062; PR064; PR106",partial,"Local entries point to prompt libraries and official guidance for schemas, missing-value handling, and structured reuse.","The combined four-part contract is not yet backed by a reviewed source entry or local comparison.",E0,"Strict schemas can damage nuanced judgment tasks and can create valid-looking but unsupported fields.","Recover and review one direct extraction prompt, then compare extraction accuracy and unsupported-field rates across at least five inputs."
evaluation-rubric,"Define criteria, scoring anchors, pass/fail rules, and failure examples.","PR108; PR109; PR110; PR118",partial,"The local corpus includes evaluator, retrieval-quality, prompt-quality, and prompt-management sources that motivate repeatable judgment.","The exact anchor-based rubric and claimed regression-detection benefit remain untested locally.",E0,"Large scoring grids can add cost and false precision when one clear decision would suffice.","Run a blinded comparison of free-form review versus anchored rubric on the same outputs and compare agreement with user judgment."
persistent-project-instruction,"Define trigger, default behavior, boundaries, routing, and fallback.","PR120; PR122; PR114-PR116","partial; PR120 and PR122 strongest","PR120 supports persistent project instruction layers and scope/priority concerns; PR122 supports structural study of instruction layering and tool rules.","Trigger/default/boundary/fallback examples are inferred; PR114-PR116 are maintenance and versioning support rather than direct behavior evidence.",E0,"Can become a rule pile with no precedence, trigger, or escape path; should not control unrelated one-off tasks.","Add source-specific evidence notes to PR120 and PR122, then test a compact instruction set against a long all-in-one protocol across mixed tasks."
coding-agent-workflow,"Inspect context → make smallest safe change → validate → summarize diff.","PR088; PR091; PR086; PR087; PR090; PR093; PR089; PR092","direct or strong partial for PR088 and PR091; partial or indirect for others","PR088 supports planning, tool use, file editing, constraints, reporting, and confirmation; PR091 supports repo context, diffs, commit-aware edits, patch review, and tests.","Smallest safe change and the exact inspect-edit-validate-report sequence are partly synthesized from coding-agent practice.",E0,"Not suitable for explanation-only work; permission boundaries and repository context are required for edits.","Upgrade PR088 and PR091 with source-specific sequence notes, then run the coding-repair pilot with change-scope and validation scoring."
